use english;

INSERT INTO author (id, name, avatar, nationality, biography, created_user, created_at, modified_by, modified_at, status) VALUES
(4, 'Ava Thompson', 'https://example.com/avatars/ava_thompson.jpg', 'US', 'Contemporary writer of short stories and essays', 'system', NOW(), NULL, NULL, 1),
(5, 'Liam Johnson', 'https://example.com/avatars/liam_johnson.jpg', 'US', 'Academic and language educator', 'system', NOW(), NULL, NULL, 1),
(6, 'Olivia Martinez', 'https://example.com/avatars/olivia_martinez.jpg', 'ES', 'Translator and novelist', 'system', NOW(), NULL, NULL, 1),
(7, 'Noah Brown', 'https://example.com/avatars/noah_brown.jpg', 'AU', 'Children books author and storyteller', 'system', NOW(), NULL, NULL, 1),
(8, 'Emma Wilson', 'https://example.com/avatars/emma_wilson.jpg', 'CA', 'Writer focusing on travel and culture', 'system', NOW(), NULL, NULL, 1),
(9, 'Oliver Davis', 'https://example.com/avatars/oliver_davis.jpg', 'UK', 'Poet and essayist', 'system', NOW(), NULL, NULL, 1),
(10, 'Sophia Garcia', 'https://example.com/avatars/sophia_garcia.jpg', 'MX', 'Young adult fiction author', 'system', NOW(), NULL, NULL, 1),
(11, 'William Miller', 'https://example.com/avatars/william_miller.jpg', 'US', 'Historian and textbook author', 'system', NOW(), NULL, NULL, 1),
(12, 'Isabella Rodriguez', 'https://example.com/avatars/isabella_rodriguez.jpg', 'ES', 'Language learning content creator', 'system', NOW(), NULL, NULL, 1),
(13, 'James Martinez', 'https://example.com/avatars/james_martinez.jpg', 'US', 'Short fiction and dialogue-focused writer', 'system', NOW(), NULL, NULL, 1),
(14, 'Mia Hernandez', 'https://example.com/avatars/mia_hernandez.jpg', 'CO', 'Educational book author', 'system', NOW(), NULL, NULL, 1),
(15, 'Benjamin Lopez', 'https://example.com/avatars/benjamin_lopez.jpg', 'AR', 'Novelist and playwright', 'system', NOW(), NULL, NULL, 1),
(16, 'Charlotte Gonzalez', 'https://example.com/avatars/charlotte_gonzalez.jpg', 'US', 'Cultural commentator and blogger', 'system', NOW(), NULL, NULL, 1),
(17, 'Elijah Perez', 'https://example.com/avatars/elijah_perez.jpg', 'US', 'Sci-fi short story author', 'system', NOW(), NULL, NULL, 1),
(18, 'Amelia Sanchez', 'https://example.com/avatars/amelia_sanchez.jpg', 'ES', 'Children educational content', 'system', NOW(), NULL, NULL, 1),
(19, 'Lucas Ramirez', 'https://example.com/avatars/lucas_ramirez.jpg', 'CL', 'Travelogue and essays', 'system', NOW(), NULL, NULL, 1),
(20, 'Harper Torres', 'https://example.com/avatars/harper_torres.jpg', 'US', 'Language pedagogy researcher', 'system', NOW(), NULL, NULL, 1),
(21, 'Henry Nguyen', 'https://example.com/avatars/henry_nguyen.jpg', 'VN', 'Bilingual educator and author', 'system', NOW(), NULL, NULL, 1),
(22, 'Evelyn Kim', 'https://example.com/avatars/evelyn_kim.jpg', 'KR', 'Modern fiction and translations', 'system', NOW(), NULL, NULL, 1),
(23, 'Alexander Lee', 'https://example.com/avatars/alexander_lee.jpg', 'US', 'Non-fiction on communication', 'system', NOW(), NULL, NULL, 1),
(24, 'Sofia Patel', 'https://example.com/avatars/sofia_patel.jpg', 'IN', 'Young readers author', 'system', NOW(), NULL, NULL, 1),
(25, 'Daniel Wright', 'https://example.com/avatars/daniel_wright.jpg', 'UK', 'Mystery novelist', 'system', NOW(), NULL, NULL, 1),
(26, 'Grace Scott', 'https://example.com/avatars/grace_scott.jpg', 'US', 'Creative writing instructor', 'system', NOW(), NULL, NULL, 1),
(27, 'Michael Green', 'https://example.com/avatars/michael_green.jpg', 'US', 'Essayist and critic', 'system', NOW(), NULL, NULL, 1),
(28, 'Chloe Adams', 'https://example.com/avatars/chloe_adams.jpg', 'AU', 'Romance and contemporary fiction', 'system', NOW(), NULL, NULL, 1),
(29, 'Jack Baker', 'https://example.com/avatars/jack_baker.jpg', 'UK', 'Adventure stories for young adults', 'system', NOW(), NULL, NULL, 1),
(30, 'Zoe Carter', 'https://example.com/avatars/zoe_carter.jpg', 'US', 'Educational technologist and writer', 'system', NOW(), NULL, NULL, 1),
(31, 'Ryan Mitchell', 'https://example.com/avatars/ryan_mitchell.jpg', 'US', 'Language learning researcher', 'system', NOW(), NULL, NULL, 1);

INSERT INTO genre (id, name, thumbnail, description, created_user, created_at, modified_by, modified_at, status) VALUES
(4, 'Mystery', 'https://example.com/genres/mystery.jpg', 'Suspense and mystery fiction', 'system', NOW(), NULL, NULL, 1),
(5, 'Romance', 'https://example.com/genres/romance.jpg', 'Romantic fiction and relationships', 'system', NOW(), NULL, NULL, 1),
(6, 'Sci-Fi', 'https://example.com/genres/scifi.jpg', 'Science fiction and futuristic stories', 'system', NOW(), NULL, NULL, 1),
(7, 'Non-Fiction', 'https://example.com/genres/nonfiction.jpg', 'Informative and factual works', 'system', NOW(), NULL, NULL, 1),
(8, 'Children', 'https://example.com/genres/children.jpg', 'Books for children and early readers', 'system', NOW(), NULL, NULL, 1),
(9, 'Young Adult', 'https://example.com/genres/ya.jpg', 'Young adult fiction', 'system', NOW(), NULL, NULL, 1),
(10, 'Historical', 'https://example.com/genres/historical.jpg', 'Historical fiction and narratives', 'system', NOW(), NULL, NULL, 1),
(11, 'Self-Help', 'https://example.com/genres/selfhelp.jpg', 'Personal development and guides', 'system', NOW(), NULL, NULL, 1),
(12, 'Education', 'https://example.com/genres/education.jpg', 'Textbooks and language learning materials', 'system', NOW(), NULL, NULL, 1),
(13, 'Poetry', 'https://example.com/genres/poetry.jpg', 'Collections of poems', 'system', NOW(), NULL, NULL, 1),
(14, 'Travel', 'https://example.com/genres/travel.jpg', 'Travel writing and guides', 'system', NOW(), NULL, NULL, 1),
(15, 'Biography', 'https://example.com/genres/biography.jpg', 'Life stories and memoirs', 'system', NOW(), NULL, NULL, 1);

INSERT INTO level (id, name, description, number_course, created_user, created_at, modified_by, modified_at, status) VALUES
(1, 'Beginner', 'For learners starting out', 1, 'system', NOW(), NULL, NULL, 1),
(2, 'Elementary', 'Basic vocabulary and grammar', 2, 'system', NOW(), NULL, NULL, 1),
(3, 'Pre-Intermediate', 'Everyday English and simple conversations', 3, 'system', NOW(), NULL, NULL, 1),
(4, 'Intermediate', 'Improving fluency and comprehension', 4, 'system', NOW(), NULL, NULL, 1),
(5, 'Upper-Intermediate', 'Complex grammar and reading', 5, 'system', NOW(), NULL, NULL, 1),
(6, 'Advanced', 'Near-native proficiency and nuance', 6, 'system', NOW(), NULL, NULL, 1);

INSERT INTO book (id, title, language, cover_url, created_user, created_at, modified_by, modified_at, status) VALUES

(5, 'Everyday English: Conversations 1', 'en', 'https://example.com/covers/everyday1.jpg', 'system', NOW(), NULL, NULL, 1),
(6, 'Everyday English: Conversations 2', 'en', 'https://example.com/covers/everyday2.jpg', 'system', NOW(), NULL, NULL, 1),
(7, 'Stories for Beginners A', 'en', 'https://example.com/covers/stories_a.jpg', 'system', NOW(), NULL, NULL, 1),
(8, 'Stories for Beginners B', 'en', 'https://example.com/covers/stories_b.jpg', 'system', NOW(), NULL, NULL, 1),
(9, 'Travel English Guide', 'en', 'https://example.com/covers/travel_english.jpg', 'system', NOW(), NULL, NULL, 1),
(10, 'Business English Basics', 'en', 'https://example.com/covers/business_basics.jpg', 'system', NOW(), NULL, NULL, 1),
(11, 'Food & Dining Phrases', 'en', 'https://example.com/covers/food.jpg', 'system', NOW(), NULL, NULL, 1),
(12, 'English for Work', 'en', 'https://example.com/covers/work.jpg', 'system', NOW(), NULL, NULL, 1),
(13, 'Kids: Animal Stories', 'en', 'https://example.com/covers/animals.jpg', 'system', NOW(), NULL, NULL, 1),
(14, 'Advanced Readings', 'en', 'https://example.com/covers/advanced_readings.jpg', 'system', NOW(), NULL, NULL, 1),
(15, 'Pronunciation Practice', 'en', 'https://example.com/covers/pronunciation.jpg', 'system', NOW(), NULL, NULL, 1),
(16, 'Grammar in Use: Exercises', 'en', 'https://example.com/covers/grammar.jpg', 'system', NOW(), NULL, NULL, 1),
(17, 'Idioms and Expressions', 'en', 'https://example.com/covers/idioms.jpg', 'system', NOW(), NULL, NULL, 1),
(18, 'Short Stories: Volume 1', 'en', 'https://example.com/covers/short1.jpg', 'system', NOW(), NULL, NULL, 1),
(19, 'Short Stories: Volume 2', 'en', 'https://example.com/covers/short2.jpg', 'system', NOW(), NULL, NULL, 1),
(20, 'Exam Practice: Listening', 'en', 'https://example.com/covers/listening.jpg', 'system', NOW(), NULL, NULL, 1),
(21, 'Exam Practice: Reading', 'en', 'https://example.com/covers/reading.jpg', 'system', NOW(), NULL, NULL, 1),
(22, 'Travel Stories', 'en', 'https://example.com/covers/travel_stories.jpg', 'system', NOW(), NULL, NULL, 1),
(23, 'Culture Notes', 'en', 'https://example.com/covers/culture.jpg', 'system', NOW(), NULL, NULL, 1),
(24, 'History for Learners', 'en', 'https://example.com/covers/history.jpg', 'system', NOW(), NULL, NULL, 1),
(25, 'Science for Teens', 'en', 'https://example.com/covers/science.jpg', 'system', NOW(), NULL, NULL, 1),
(26, 'Famous Biographies', 'en', 'https://example.com/covers/biographies.jpg', 'system', NOW(), NULL, NULL, 1),
(27, 'Poems & Short Pieces', 'en', 'https://example.com/covers/poems.jpg', 'system', NOW(), NULL, NULL, 1),
(28, 'English Through Movies', 'en', 'https://example.com/covers/movies.jpg', 'system', NOW(), NULL, NULL, 1),
(29, 'Travel Phrases: Quick Guide', 'en', 'https://example.com/covers/travel_quick.jpg', 'system', NOW(), NULL, NULL, 1),
(30, 'Conversation Starters', 'en', 'https://example.com/covers/conversation.jpg', 'system', NOW(), NULL, NULL, 1),
(31, 'Everyday Idioms', 'en', 'https://example.com/covers/everyday_idioms.jpg', 'system', NOW(), NULL, NULL, 1),
(32, 'Grammar Quick Reference', 'en', 'https://example.com/covers/grammar_ref.jpg', 'system', NOW(), NULL, NULL, 1),
(33, 'Pronunciation for Beginners', 'en', 'https://example.com/covers/pron_beg.jpg', 'system', NOW(), NULL, NULL, 1),
(34, 'English for Tech', 'en', 'https://example.com/covers/tech.jpg', 'system', NOW(), NULL, NULL, 1),
(35, 'Food Stories', 'en', 'https://example.com/covers/food_stories.jpg', 'system', NOW(), NULL, NULL, 1),
(36, 'Health & Safety', 'en', 'https://example.com/covers/health.jpg', 'system', NOW(), NULL, NULL, 1),
(37, 'Business Communication', 'en', 'https://example.com/covers/business_comm.jpg', 'system', NOW(), NULL, NULL, 1),
(38, 'Sports & Leisure', 'en', 'https://example.com/covers/sports.jpg', 'system', NOW(), NULL, NULL, 1),
(39, 'Creative Writing Exercises', 'en', 'https://example.com/covers/creative.jpg', 'system', NOW(), NULL, NULL, 1),
(40, 'Kids: Bedtime Stories', 'en', 'https://example.com/covers/bedtime.jpg', 'system', NOW(), NULL, NULL, 1),
(41, 'Travel Diaries', 'en', 'https://example.com/covers/diaries.jpg', 'system', NOW(), NULL, NULL, 1),
(42, 'Advanced Listening', 'en', 'https://example.com/covers/adv_listen.jpg', 'system', NOW(), NULL, NULL, 1),
(43, 'Advanced Speaking', 'en', 'https://example.com/covers/adv_speak.jpg', 'system', NOW(), NULL, NULL, 1),
(44, 'Pronunciation Drills', 'en', 'https://example.com/covers/drills.jpg', 'system', NOW(), NULL, NULL, 1),
(45, 'Short Dialogues', 'en', 'https://example.com/covers/dialogues.jpg', 'system', NOW(), NULL, NULL, 1),
(46, 'English News Reader', 'en', 'https://example.com/covers/news.jpg', 'system', NOW(), NULL, NULL, 1),
(47, 'Music Lyrics Study', 'en', 'https://example.com/covers/music.jpg', 'system', NOW(), NULL, NULL, 1),
(48, 'Language Games', 'en', 'https://example.com/covers/games.jpg', 'system', NOW(), NULL, NULL, 1),
(49, 'Pronunciation: Vowels', 'en', 'https://example.com/covers/vowels.jpg', 'system', NOW(), NULL, NULL, 1),
(50, 'Pronunciation: Consonants', 'en', 'https://example.com/covers/consonants.jpg', 'system', NOW(), NULL, NULL, 1),
(51, 'Fables & Morals', 'en', 'https://example.com/covers/fables.jpg', 'system', NOW(), NULL, NULL, 1),
(52, 'Practical English', 'en', 'https://example.com/covers/practical.jpg', 'system', NOW(), NULL, NULL, 1),
(53, 'Exam Writing Practice', 'en', 'https://example.com/covers/exam_writing.jpg', 'system', NOW(), NULL, NULL, 1),
(54, 'Exam Speaking Practice', 'en', 'https://example.com/covers/exam_speaking.jpg', 'system', NOW(), NULL, NULL, 1),
(55, 'Travel Stories II', 'en', 'https://example.com/covers/travel2.jpg', 'system', NOW(), NULL, NULL, 1),
(56, 'Connecting Ideas', 'en', 'https://example.com/covers/connecting.jpg', 'system', NOW(), NULL, NULL, 1),
(57, 'Pronouns & Articles', 'en', 'https://example.com/covers/pronouns.jpg', 'system', NOW(), NULL, NULL, 1),
(58, 'Tenses in Context', 'en', 'https://example.com/covers/tenses.jpg', 'system', NOW(), NULL, NULL, 1),
(59, 'Everyday Conversations III', 'en', 'https://example.com/covers/everyday3.jpg', 'system', NOW(), NULL, NULL, 1),
(60, 'Intermediate Readings', 'en', 'https://example.com/covers/intermediate_readings.jpg', 'system', NOW(), NULL, NULL, 1),
(61, 'Beginner Stories II', 'en', 'https://example.com/covers/beg2.jpg', 'system', NOW(), NULL, NULL, 1),
(62, 'Workplace Emails', 'en', 'https://example.com/covers/emails.jpg', 'system', NOW(), NULL, NULL, 1),
(63, 'Customer Service Dialogues', 'en', 'https://example.com/covers/customer.jpg', 'system', NOW(), NULL, NULL, 1),
(64, 'Healthy Living', 'en', 'https://example.com/covers/healthy.jpg', 'system', NOW(), NULL, NULL, 1),
(65, 'Social English', 'en', 'https://example.com/covers/social.jpg', 'system', NOW(), NULL, NULL, 1),
(66, 'English through Comics', 'en', 'https://example.com/covers/comics.jpg', 'system', NOW(), NULL, NULL, 1),
(67, 'Daily News Simplified', 'en', 'https://example.com/covers/dailynews.jpg', 'system', NOW(), NULL, NULL, 1),
(68, 'Interview Prep', 'en', 'https://example.com/covers/interview_prep.jpg', 'system', NOW(), NULL, NULL, 1),
(69, 'Job Vocabulary', 'en', 'https://example.com/covers/job_vocab.jpg', 'system', NOW(), NULL, NULL, 1),
(70, 'Idioms Explained', 'en', 'https://example.com/covers/idioms_explained.jpg', 'system', NOW(), NULL, NULL, 1),
(71, 'Storytelling Techniques', 'en', 'https://example.com/covers/storytelling.jpg', 'system', NOW(), NULL, NULL, 1),
(72, 'Creative Dialogues', 'en', 'https://example.com/covers/creative_dialogues.jpg', 'system', NOW(), NULL, NULL, 1),
(73, 'Listening: Short Clips', 'en', 'https://example.com/covers/clips.jpg', 'system', NOW(), NULL, NULL, 1),
(74, 'Listening: Interviews', 'en', 'https://example.com/covers/interviews.jpg', 'system', NOW(), NULL, NULL, 1),
(75, 'Reading: Articles', 'en', 'https://example.com/covers/articles.jpg', 'system', NOW(), NULL, NULL, 1),
(76, 'Reading: Essays', 'en', 'https://example.com/covers/essays.jpg', 'system', NOW(), NULL, NULL, 1),
(77, 'Language Tips', 'en', 'https://example.com/covers/tips.jpg', 'system', NOW(), NULL, NULL, 1),
(78, 'Mini Dialogues', 'en', 'https://example.com/covers/mini_dialogues.jpg', 'system', NOW(), NULL, NULL, 1),
(79, 'English through Recipes', 'en', 'https://example.com/covers/recipes.jpg', 'system', NOW(), NULL, NULL, 1),
(80, 'Short Reports', 'en', 'https://example.com/covers/reports.jpg', 'system', NOW(), NULL, NULL, 1),
(81, 'Pronunciation: Stress', 'en', 'https://example.com/covers/stress.jpg', 'system', NOW(), NULL, NULL, 1),
(82, 'Useful Connectors', 'en', 'https://example.com/covers/connectors.jpg', 'system', NOW(), NULL, NULL, 1),
(83, 'Phrasal Verbs Guide', 'en', 'https://example.com/covers/phrasal.jpg', 'system', NOW(), NULL, NULL, 1),
(84, 'Comparatives & Superlatives', 'en', 'https://example.com/covers/comparatives.jpg', 'system', NOW(), NULL, NULL, 1),
(85, 'Listening: News Clips', 'en', 'https://example.com/covers/news_clips.jpg', 'system', NOW(), NULL, NULL, 1),
(86, 'Short Plays', 'en', 'https://example.com/covers/plays.jpg', 'system', NOW(), NULL, NULL, 1),
(87, 'Conversation Patterns', 'en', 'https://example.com/covers/patterns.jpg', 'system', NOW(), NULL, NULL, 1),
(88, 'Language for Kids II', 'en', 'https://example.com/covers/kids2.jpg', 'system', NOW(), NULL, NULL, 1),
(89, 'Travel English: Dialogues', 'en', 'https://example.com/covers/travel_dialogues.jpg', 'system', NOW(), NULL, NULL, 1),
(90, 'Business Case Studies', 'en', 'https://example.com/covers/case_studies.jpg', 'system', NOW(), NULL, NULL, 1),
(91, 'Pronunciation: Intonation', 'en', 'https://example.com/covers/intonation.jpg', 'system', NOW(), NULL, NULL, 1),
(92, 'Reading for Exams', 'en', 'https://example.com/covers/reading_exams.jpg', 'system', NOW(), NULL, NULL, 1),
(93, 'Speaking: Roleplays', 'en', 'https://example.com/covers/roleplays.jpg', 'system', NOW(), NULL, NULL, 1),
(94, 'Story Collections', 'en', 'https://example.com/covers/collections.jpg', 'system', NOW(), NULL, NULL, 1),
(95, 'Everyday Conversations IV', 'en', 'https://example.com/covers/everyday4.jpg', 'system', NOW(), NULL, NULL, 1),
(96, 'Grammar Exercises II', 'en', 'https://example.com/covers/grammar2.jpg', 'system', NOW(), NULL, NULL, 1),
(97, 'Sight Words', 'en', 'https://example.com/covers/sight_words.jpg', 'system', NOW(), NULL, NULL, 1),
(98, 'Advanced Vocabulary', 'en', 'https://example.com/covers/advanced_vocab.jpg', 'system', NOW(), NULL, NULL, 1),
(99, 'Listening: Lectures', 'en', 'https://example.com/covers/lectures.jpg', 'system', NOW(), NULL, NULL, 1),
(100, 'Reading: Short Stories III', 'en', 'https://example.com/covers/short3.jpg', 'system', NOW(), NULL, NULL, 1),
(101, 'Conversation: Holidays', 'en', 'https://example.com/covers/holidays.jpg', 'system', NOW(), NULL, NULL, 1),
(102, 'Exam: Multiple Choice Practice', 'en', 'https://example.com/covers/mcq.jpg', 'system', NOW(), NULL, NULL, 1),
(103, 'Workplace Dialogues II', 'en', 'https://example.com/covers/work2.jpg', 'system', NOW(), NULL, NULL, 1),
(104, 'Daily Short Reads', 'en', 'https://example.com/covers/daily_reads.jpg', 'system', NOW(), NULL, NULL, 1),
(105, 'Kids: Learning ABC', 'en', 'https://example.com/covers/abc.jpg', 'system', NOW(), NULL, NULL, 1),
(106, 'Pronunciation: Clusters', 'en', 'https://example.com/covers/clusters.jpg', 'system', NOW(), NULL, NULL, 1),
(107, 'Topical Dialogues', 'en', 'https://example.com/covers/topical.jpg', 'system', NOW(), NULL, NULL, 1),
(108, 'Reading: Media Pieces', 'en', 'https://example.com/covers/media_pieces.jpg', 'system', NOW(), NULL, NULL, 1),
(109, 'Language for Daily Tasks', 'en', 'https://example.com/covers/daily_tasks.jpg', 'system', NOW(), NULL, NULL, 1),
(110, 'Grammar: Conditionals', 'en', 'https://example.com/covers/conditionals.jpg', 'system', NOW(), NULL, NULL, 1),
(111, 'Listening: Conversations', 'en', 'https://example.com/covers/conversations_listen.jpg', 'system', NOW(), NULL, NULL, 1),
(112, 'Reading: Reports', 'en', 'https://example.com/covers/reports2.jpg', 'system', NOW(), NULL, NULL, 1),
(113, 'Storytelling: Tips', 'en', 'https://example.com/covers/tips_story.jpg', 'system', NOW(), NULL, NULL, 1),
(114, 'Short Articles', 'en', 'https://example.com/covers/short_articles.jpg', 'system', NOW(), NULL, NULL, 1),
(115, 'Exam: Listening II', 'en', 'https://example.com/covers/exam_listen2.jpg', 'system', NOW(), NULL, NULL, 1),
(116, 'Story Compilations', 'en', 'https://example.com/covers/compilations.jpg', 'system', NOW(), NULL, NULL, 1),
(117, 'Everyday Phrases', 'en', 'https://example.com/covers/everyday_phrases.jpg', 'system', NOW(), NULL, NULL, 1),
(118, 'Business Emails II', 'en', 'https://example.com/covers/emails2.jpg', 'system', NOW(), NULL, NULL, 1),
(119, 'Conversation: Emergencies', 'en', 'https://example.com/covers/emergencies.jpg', 'system', NOW(), NULL, NULL, 1),
(120, 'Reading: Biographies II', 'en', 'https://example.com/covers/biographies2.jpg', 'system', NOW(), NULL, NULL, 1),
(121, 'Kids: Nature', 'en', 'https://example.com/covers/nature_kids.jpg', 'system', NOW(), NULL, NULL, 1),
(122, 'Pronunciation Mastery', 'en', 'https://example.com/covers/mastery.jpg', 'system', NOW(), NULL, NULL, 1),
(123, 'Phrasal Verbs II', 'en', 'https://example.com/covers/phrasal2.jpg', 'system', NOW(), NULL, NULL, 1),
(124, 'Conversation: Technology', 'en', 'https://example.com/covers/tech_conv.jpg', 'system', NOW(), NULL, NULL, 1);

INSERT INTO author_book (id, author_id, book_id) VALUES

(5, ((5 - 1) % 31) + 1, 5),
(6, (((5*7) - 1) % 31) + 1, 5),
(7, ((6 - 1) % 31) + 1, 6),
(8, (((6*7) - 1) % 31) + 1, 6),
(9, ((7 - 1) % 31) + 1, 7),
(10, (((7*7) - 1) % 31) + 1, 7),
(11, ((8 - 1) % 31) + 1, 8),
(12, (((8*7) - 1) % 31) + 1, 8),
(13, ((9 - 1) % 31) + 1, 9),
(14, (((9*7) - 1) % 31) + 1, 9);


INSERT INTO book_genre (id, genre_id, book_id) VALUES
(6, ((5 - 1) % 15) + 1, 5),
(7, ((6 - 1) % 15) + 1, 6),
(8, ((7 - 1) % 15) + 1, 7),
(9, ((8 - 1) % 15) + 1, 8),
(10, ((9 - 1) % 15) + 1, 9),
(11, ((10 - 1) % 15) + 1, 10),
(12, ((11 - 1) % 15) + 1, 11),
(13, ((12 - 1) % 15) + 1, 12),
(14, ((13 - 1) % 15) + 1, 13),
(15, ((14 - 1) % 15) + 1, 14);
